DayOfWeek,Global_active_power,DayName
0,0.9995460819143289,Monday
1,1.0697955145387303,Tuesday
2,1.0825877293050783,Wednesday
3,0.9818092632641783,Thursday
4,1.0433939792483722,Friday
5,1.2483351395145124,Saturday
6,1.2201878570763613,Sunday
