Category,Avg_Consumption
Kitchen,1.1219233096502186
Laundry Room,1.2985199679887571
Water Heater & AC,6.45844735712055
Unmetered,9.314693306917551
